{
    "sum_price":{
        "0":5139064.4230971364,
        "1":3615.6644641632,
        "2":4395.3799949713,
        "3":3250.1010407325
    },
    "min_price":{
        "0":4646.9411213213,
        "1":2.035056,
        "2":4.13426032,
        "3":6.2451981348
    },
    "max_price":{
        "0":239983.362667928,
        "1":384.5496831729,
        "2":337.7814124633,
        "3":202.0477367846
    },
    "avg_price":{
        "0":82888.1358564054,
        "1":86.0872491467,
        "2":77.1119297363,
        "3":63.7274713869
    },
    "category":{
        "0":null,
        "1":"fruit",
        "2":"tools",
        "3":"cosmetics"
    }
}