{
    "sum": 5394379,
    "avr": 233.9482609072773,
    "sumMD": 29931,
    "avrMD": 245.3360655737705,
    "sumSD": 26377,
    "avrSD": 216.20491803278688,
    "max": 424,
    "min": 43
}